foodId,userId,rating
1,1,3
2,1,1
3,1,4
4,1,5
5,1,4
6,1,1
7,1,2
8,1,1
9,1,4
10,1,3
11,1,1
12,1,5
13,1,2
14,1,2
15,1,2
16,1,1
17,1,4
18,1,4
19,1,5
20,1,4
21,1,5
22,1,3
23,1,5
24,1,2
25,1,3
26,1,5
27,1,3
28,1,2
29,1,1
30,1,5
31,1,2
32,1,5
33,1,5
34,1,4
35,1,4
36,1,3
37,1,1
38,1,3
39,1,2
40,1,1
41,1,4
42,1,5
43,1,4
44,1,2
45,1,3
46,1,5
47,1,1
48,1,2
49,1,1
50,1,3
51,1,5
52,1,4
53,1,1
54,1,4
55,1,2
56,1,3
57,1,2
58,1,1
59,1,5
60,1,3
1,2,1
2,2,3
3,2,2
4,2,2
5,2,1
6,2,5
7,2,3
8,2,5
9,2,4
10,2,1
11,2,4
12,2,2
13,2,1
14,2,3
15,2,3
16,2,2
17,2,1
18,2,4
19,2,5
20,2,3
21,2,4
22,2,5
23,2,2
24,2,1
25,2,2
26,2,4
27,2,5
28,2,4
29,2,5
30,2,3
31,2,1
32,2,4
33,2,3
34,2,3
35,2,5
36,2,5
37,2,4
38,2,2
39,2,2
40,2,1
41,2,3
42,2,5
43,2,4
44,2,3
45,2,4
46,2,5
47,2,2
48,2,1
49,2,2
50,2,1
51,2,4
52,2,4
53,2,5
54,2,1
55,2,5
56,2,3
57,2,3
58,2,2
59,2,2
60,2,1
1,3,2
2,3,4
3,3,4
4,3,2
5,3,3
6,3,3
7,3,5
8,3,3
9,3,4
10,3,4
11,3,4
12,3,2
13,3,4
14,3,3
15,3,4
16,3,4
17,3,3
18,3,3
19,3,4
20,3,3
21,3,1
22,3,3
23,3,2
24,3,3
25,3,3
26,3,3
27,3,2
28,3,3
29,3,5
30,3,3
31,3,3
32,3,4
33,3,3
34,3,3
35,3,3
36,3,2
37,3,2
38,3,4
39,3,3
40,3,4
41,3,3
42,3,5
43,3,4
44,3,3
45,3,3
46,3,2
47,3,4
48,3,4
49,3,3
50,3,3
51,3,3
52,3,4
53,3,3
54,3,3
55,3,3
56,3,2
57,3,2
58,3,4
59,3,4
60,3,4
1,4,1
2,4,2
3,4,3
4,4,4
5,4,3
6,4,3
7,4,5
8,4,1
9,4,5
10,4,1
11,4,2
12,4,4
13,4,5
14,4,5
15,4,3
16,4,1
17,4,1
18,4,3
19,4,3
20,4,4
21,4,1
22,4,2
23,4,2
24,4,4
25,4,2
26,4,2
27,4,4
28,4,5
29,4,4
30,4,5
31,4,5
32,4,4
33,4,5
34,4,3
35,4,3
36,4,1
37,4,2
38,4,2
39,4,4
40,4,1
41,4,5
42,4,3
43,4,5
44,4,2
45,4,3
46,4,1
47,4,4
48,4,1
49,4,2
50,4,4
51,4,4
52,4,5
53,4,4
54,4,3
55,4,5
56,4,1
57,4,2
58,4,2
59,4,1
60,4,3
1,5,1
2,5,2
3,5,3
4,5,1
5,5,2
6,5,3
7,5,5
8,5,2
9,5,3
10,5,4
11,5,5
12,5,4
13,5,3
14,5,5
15,5,5
16,5,1
17,5,1
18,5,4
19,5,4
20,5,2
21,5,1
22,5,3
23,5,3
24,5,5
25,5,1
26,5,5
27,5,4
28,5,2
29,5,4
30,5,2
31,5,4
32,5,4
33,5,5
34,5,3
35,5,5
36,5,2
37,5,1
38,5,3
39,5,2
40,5,1
41,5,3
42,5,5
43,5,4
44,5,4
45,5,5
46,5,2
47,5,1
48,5,3
49,5,1
50,5,2
51,5,5
52,5,4
53,5,4
54,5,3
55,5,5
56,5,3
57,5,2
58,5,1
59,5,1
60,5,2
1,6,2
2,6,3
3,6,4
4,6,4
5,6,4
6,6,5
7,6,5
8,6,3
9,6,5
10,6,4
11,6,4
12,6,5
13,6,3
14,6,4
15,6,4
16,6,4
17,6,3
18,6,4
19,6,4
20,6,5
21,6,2
22,6,5
23,6,3
24,6,4
25,6,4
26,6,4
27,6,5
28,6,5
29,6,2
30,6,5
31,6,3
32,6,4
33,6,2
34,6,2
35,6,3
36,6,1
37,6,1
38,6,1
39,6,3
40,6,1
41,6,3
42,6,4
43,6,3
44,6,3
45,6,2
46,6,4
47,6,1
48,6,1
49,6,4
50,6,3
51,6,3
52,6,3
53,6,3
54,6,3
55,6,4
56,6,1
57,6,1
58,6,2
59,6,2
60,6,2
2,7,1
3,7,5
4,7,4
6,7,5
7,7,4
8,7,3
9,7,5
11,7,4
13,7,1
14,7,2
16,7,5
17,7,2
18,7,4
19,7,3
21,7,2
22,7,1
23,7,1
26,7,3
28,7,3
29,7,5
30,7,2
33,7,4
36,7,1
37,7,3
40,7,2
41,7,3
42,7,5
44,7,2
45,7,4
47,7,2
48,7,3
50,7,1
52,7,3
54,7,5
55,7,4
58,7,1
59,7,2
1,8,4
2,8,3
3,8,3
4,8,4
5,8,4
6,8,4
7,8,4
8,8,1
9,8,5
10,8,3
11,8,3
12,8,4
13,8,5
14,8,3
15,8,3
16,8,2
17,8,3
18,8,4
19,8,4
20,8,3
21,8,1
22,8,3
23,8,3
24,8,3
25,8,4
26,8,2
27,8,2
28,8,4
29,8,2
30,8,4
31,8,4
32,8,3
33,8,5
34,8,4
35,8,5
36,8,5
37,8,2
38,8,3
39,8,5
40,8,2
41,8,3
42,8,1
43,8,2
44,8,2
45,8,2
46,8,2
47,8,2
48,8,3
49,8,1
50,8,3
51,8,4
52,8,3
53,8,5
54,8,5
55,8,5
56,8,4
57,8,5
58,8,3
59,8,5
60,8,5
1,9,3
2,9,3
3,9,2
4,9,2
5,9,2
6,9,2
7,9,1
8,9,4
9,9,2
10,9,1
11,9,1
12,9,3
13,9,1
14,9,3
15,9,2
16,9,5
17,9,2
18,9,2
19,9,1
20,9,1
21,9,3
22,9,2
23,9,1
24,9,1
25,9,3
26,9,3
27,9,3
28,9,1
29,9,1
30,9,1
31,9,1
32,9,1
33,9,1
34,9,1
35,9,2
36,9,3
37,9,3
38,9,3
39,9,2
40,9,3
41,9,1
42,9,2
43,9,1
44,9,3
45,9,3
46,9,2
47,9,2
48,9,3
49,9,3
50,9,3
51,9,1
52,9,3
53,9,3
54,9,4
55,9,2
56,9,4
57,9,4
58,9,3
59,9,1
60,9,2
31,10,5
32,10,5
33,10,5
34,10,5
35,10,5
36,10,3
37,10,3
38,10,4
39,10,5
40,10,5
41,10,5
42,10,5
43,10,5
44,10,5
45,10,5
46,10,5
47,10,5
48,10,5
49,10,5
50,10,5
51,10,5
52,10,5
53,10,5
54,10,5
55,10,5
56,10,5
57,10,5
58,10,5
59,10,5
60,10,5
1,11,3
2,11,3
3,11,4
4,11,4
5,11,4
6,11,4
7,11,5
8,11,3
9,11,5
10,11,5
11,11,5
12,11,5
13,11,4
14,11,4
15,11,2
16,11,2
17,11,2
18,11,2
19,11,2
20,11,1
21,11,1
22,11,1
23,11,1
24,11,2
25,11,3
26,11,1
27,11,3
28,11,5
29,11,3
30,11,1
31,11,5
32,11,4
33,11,5
34,11,4
35,11,3
36,11,3
37,11,2
38,11,2
39,11,1
40,11,1
41,11,1
42,11,5
43,11,4
44,11,5
45,11,4
46,11,3
47,11,2
48,11,3
49,11,2
50,11,1
51,11,5
52,11,4
53,11,3
54,11,4
55,11,5
56,11,3
57,11,2
58,11,2
59,11,1
60,11,1
1,12,3
2,12,5
3,12,5
4,12,5
5,12,5
6,12,5
7,12,5
8,12,3
9,12,5
10,12,5
11,12,5
12,12,5
13,12,5
14,12,5
15,12,5
16,12,5
17,12,5
18,12,5
19,12,5
20,12,5
21,12,3
22,12,5
23,12,5
24,12,3
25,12,5
26,12,5
27,12,5
28,12,5
29,12,5
30,12,3
31,12,5
32,12,5
33,12,5
34,12,1
35,12,3
36,12,3
37,12,1
38,12,5
39,12,1
40,12,3
41,12,3
42,12,5
43,12,5
44,12,5
45,12,5
46,12,5
47,12,5
48,12,5
49,12,5
50,12,5
51,12,5
52,12,5
53,12,5
54,12,5
55,12,5
56,12,5
57,12,5
58,12,5
59,12,1
60,12,1
1,13,5
2,13,1
3,13,3
4,13,2
5,13,5
6,13,4
7,13,2
8,13,1
9,13,3
10,13,4
11,13,4
12,13,5
13,13,3
14,13,2
15,13,5
16,13,4
17,13,1
18,13,2
19,13,3
20,13,1
21,13,4
22,13,3
23,13,1
24,13,1
25,13,2
26,13,2
27,13,5
28,13,5
29,13,4
30,13,3
31,13,5
32,13,4
33,13,3
34,13,5
35,13,3
36,13,1
37,13,1
38,13,4
39,13,2
40,13,2
41,13,2
42,13,2
43,13,5
44,13,1
45,13,3
46,13,5
47,13,4
48,13,3
49,13,4
50,13,1
51,13,3
52,13,2
53,13,1
54,13,5
55,13,2
56,13,4
57,13,5
58,13,4
59,13,3
60,13,1
1,14,3
2,14,3
3,14,5
4,14,4
5,14,3
6,14,3
7,14,5
8,14,2
9,14,5
10,14,3
11,14,5
12,14,5
13,14,2
14,14,3
15,14,5
16,14,1
17,14,1
18,14,2
19,14,2
20,14,4
21,14,1
22,14,4
23,14,4
24,14,4
25,14,1
26,14,4
27,14,2
28,14,2
29,14,1
30,14,1
31,14,3
32,14,4
33,14,2
34,14,5
35,14,3
36,14,1
37,14,2
38,14,4
39,14,1
40,14,5
41,14,2
42,14,5
43,14,5
44,14,4
45,14,2
46,14,1
47,14,4
48,14,1
49,14,3
50,14,3
51,14,5
52,14,2
53,14,3
54,14,4
55,14,5
56,14,1
57,14,2
58,14,3
59,14,1
60,14,2
1,15,3
2,15,5
3,15,5
4,15,5
5,15,3
6,15,5
7,15,5
8,15,3
9,15,5
10,15,5
11,15,4
12,15,4
13,15,4
14,15,4
15,15,3
16,15,3
17,15,3
18,15,4
19,15,3
20,15,3
21,15,2
22,15,1
23,15,1
24,15,1
25,15,1
26,15,4
27,15,4
28,15,1
29,15,2
30,15,2
31,15,2
32,15,5
33,15,5
34,15,1
35,15,2
36,15,3
37,15,4
38,15,4
39,15,3
40,15,1
41,15,1
42,15,5
43,15,5
44,15,1
45,15,4
46,15,2
47,15,4
48,15,2
49,15,3
50,15,3
51,15,5
52,15,3
53,15,5
54,15,4
55,15,4
56,15,2
57,15,2
58,15,1
59,15,1
60,15,3
1,16,2
2,16,3
3,16,4
4,16,3
5,16,4
6,16,3
7,16,5
8,16,2
9,16,5
10,16,3
11,16,5
12,16,5
13,16,2
14,16,4
15,16,4
16,16,1
17,16,1
18,16,5
19,16,4
20,16,4
21,16,1
22,16,1
23,16,2
24,16,2
25,16,1
26,16,5
27,16,1
28,16,3
29,16,2
30,16,3
31,16,4
32,16,5
33,16,5
34,16,1
35,16,4
36,16,1
37,16,3
38,16,2
39,16,2
40,16,3
41,16,3
42,16,5
43,16,5
44,16,3
45,16,4
46,16,2
47,16,1
48,16,1
49,16,2
50,16,4
51,16,5
52,16,3
53,16,4
54,16,1
55,16,5
56,16,1
57,16,3
58,16,2
59,16,4
60,16,2
1,17,2
2,17,3
3,17,5
4,17,5
5,17,5
6,17,4
7,17,5
8,17,3
9,17,5
10,17,5
11,17,4
12,17,4
13,17,3
14,17,3
15,17,4
16,17,2
17,17,4
18,17,3
19,17,2
20,17,1
21,17,1
22,17,2
23,17,1
24,17,4
25,17,2
26,17,1
27,17,3
28,17,1
29,17,2
30,17,1
31,17,4
32,17,2
33,17,5
34,17,2
35,17,5
36,17,3
37,17,3
38,17,4
39,17,1
40,17,1
41,17,3
42,17,5
43,17,5
44,17,4
45,17,3
46,17,4
47,17,2
48,17,2
49,17,1
50,17,1
51,17,5
52,17,2
53,17,2
54,17,4
55,17,5
56,17,4
57,17,3
58,17,1
59,17,3
60,17,1
1,18,1
2,18,2
3,18,3
4,18,4
5,18,3
6,18,2
7,18,2
8,18,3
9,18,4
10,18,3
11,18,1
12,18,1
13,18,2
14,18,3
15,18,4
16,18,5
17,18,1
18,18,5
19,18,5
20,18,5
21,18,3
22,18,2
23,18,4
24,18,2
25,18,3
26,18,1
27,18,1
28,18,4
29,18,3
30,18,4
31,18,5
32,18,5
33,18,5
34,18,5
35,18,5
36,18,5
37,18,5
38,18,5
39,18,5
40,18,5
41,18,5
42,18,5
43,18,5
44,18,5
45,18,5
46,18,5
47,18,5
48,18,5
49,18,3
50,18,4
51,18,5
52,18,5
53,18,5
54,18,5
55,18,5
56,18,5
57,18,5
58,18,5
59,18,5
60,18,5
1,19,4
2,19,5
3,19,4
4,19,5
5,19,5
6,19,4
7,19,5
8,19,3
9,19,5
10,19,4
11,19,4
12,19,3
13,19,5
14,19,3
15,19,3
16,19,4
17,19,1
18,19,3
19,19,4
20,19,4
21,19,1
22,19,3
23,19,2
24,19,3
25,19,2
26,19,2
27,19,3
28,19,3
29,19,2
30,19,5
31,19,4
32,19,5
33,19,5
34,19,5
35,19,5
36,19,1
37,19,2
38,19,2
39,19,4
40,19,2
41,19,3
42,19,5
43,19,5
44,19,4
45,19,3
46,19,3
47,19,4
48,19,2
49,19,2
50,19,3
51,19,5
52,19,4
53,19,4
54,19,5
55,19,5
56,19,4
57,19,4
58,19,4
59,19,3
60,19,3
1,20,2
2,20,4
3,20,4
4,20,4
5,20,2
6,20,1
7,20,4
8,20,1
9,20,4
10,20,2
11,20,3
12,20,5
13,20,3
14,20,2
15,20,3
16,20,3
17,20,1
18,20,2
19,20,3
20,20,5
21,20,1
22,20,2
23,20,1
24,20,5
25,20,1
26,20,5
27,20,5
28,20,3
29,20,4
30,20,5
31,20,5
32,20,5
33,20,4
34,20,3
35,20,2
36,20,2
37,20,1
38,20,4
39,20,3
40,20,1
41,20,3
42,20,5
43,20,5
44,20,2
45,20,4
46,20,2
47,20,1
48,20,1
49,20,3
50,20,4
51,20,2
52,20,5
53,20,5
54,20,4
55,20,3
56,20,3
57,20,2
58,20,1
59,20,4
60,20,1
1,21,2
2,21,4
3,21,4
4,21,3
5,21,5
6,21,5
7,21,5
8,21,2
9,21,5
10,21,5
11,21,5
12,21,2
13,21,4
14,21,4
15,21,3
16,21,3
17,21,1
18,21,1
19,21,4
20,21,3
21,21,1
22,21,1
23,21,3
24,21,4
25,21,3
26,21,2
27,21,1
28,21,2
29,21,2
30,21,2
31,21,4
32,21,5
33,21,5
34,21,2
35,21,4
36,21,3
37,21,2
38,21,3
39,21,1
40,21,1
41,21,5
42,21,3
43,21,1
44,21,2
45,21,5
46,21,2
47,21,3
48,21,4
49,21,1
50,21,4
51,21,5
52,21,5
53,21,4
54,21,4
55,21,3
56,21,3
57,21,2
58,21,2
59,21,1
60,21,1
1,22,5
2,22,4
3,22,5
4,22,4
5,22,2
6,22,3
7,22,4
8,22,2
9,22,4
10,22,4
11,22,4
12,22,3
13,22,5
14,22,4
15,22,4
16,22,4
17,22,2
18,22,2
19,22,3
20,22,5
21,22,3
22,22,4
23,22,3
24,22,3
25,22,3
26,22,3
27,22,4
28,22,3
29,22,3
30,22,3
31,22,4
32,22,3
33,22,3
34,22,2
35,22,3
36,22,4
37,22,2
38,22,2
39,22,2
40,22,2
41,22,2
42,22,3
43,22,4
44,22,3
45,22,1
46,22,2
47,22,2
48,22,2
49,22,3
50,22,4
51,22,4
52,22,5
53,22,3
54,22,2
55,22,4
56,22,3
57,22,3
58,22,4
59,22,3
60,22,3
1,23,4
2,23,2
3,23,3
4,23,4
5,23,3
6,23,1
7,23,5
8,23,4
9,23,4
10,23,1
11,23,2
12,23,5
13,23,5
14,23,3
15,23,4
16,23,2
17,23,1
18,23,3
19,23,1
20,23,3
21,23,1
22,23,3
23,23,2
24,23,4
25,23,2
26,23,1
27,23,2
28,23,5
29,23,5
30,23,5
31,23,4
32,23,4
33,23,5
34,23,2
35,23,1
36,23,2
37,23,5
38,23,3
39,23,1
40,23,3
41,23,5
42,23,3
43,23,5
44,23,1
45,23,1
46,23,4
47,23,2
48,23,2
49,23,3
50,23,4
51,23,5
52,23,2
53,23,4
54,23,5
55,23,2
56,23,1
57,23,1
58,23,4
59,23,3
60,23,3
1,24,2
2,24,3
3,24,4
4,24,4
5,24,3
6,24,5
7,24,3
8,24,1
9,24,5
10,24,3
11,24,4
12,24,5
13,24,5
14,24,5
15,24,3
16,24,3
17,24,3
18,24,4
19,24,4
20,24,3
21,24,1
22,24,2
23,24,3
24,24,3
25,24,2
26,24,1
27,24,4
28,24,5
29,24,4
30,24,4
31,24,4
32,24,4
33,24,5
34,24,5
35,24,3
36,24,3
37,24,1
38,24,2
39,24,2
40,24,1
41,24,3
42,24,3
43,24,5
44,24,1
45,24,1
46,24,4
47,24,5
48,24,4
49,24,2
50,24,2
51,24,5
52,24,4
53,24,5
54,24,3
55,24,3
56,24,1
57,24,1
58,24,2
59,24,2
60,24,1
1,25,5
2,25,2
3,25,4
4,25,4
5,25,5
6,25,2
7,25,4
8,25,2
9,25,4
10,25,2
11,25,3
12,25,3
13,25,5
14,25,3
15,25,3
16,25,1
17,25,2
18,25,5
19,25,5
20,25,3
21,25,1
22,25,1
23,25,3
24,25,5
25,25,4
26,25,3
27,25,1
28,25,4
29,25,1
30,25,2
31,25,2
32,25,4
33,25,5
34,25,3
35,25,3
36,25,2
37,25,1
38,25,4
39,25,5
40,25,1
41,25,2
42,25,2
43,25,4
44,25,5
45,25,1
46,25,3
47,25,5
48,25,4
49,25,3
50,25,1
51,25,5
52,25,1
53,25,3
54,25,2
55,25,4
56,25,3
57,25,4
58,25,2
59,25,5
60,25,1
1,26,3
2,26,4
3,26,5
4,26,3
5,26,3
6,26,2
7,26,5
8,26,5
9,26,4
10,26,1
11,26,1
12,26,4
13,26,5
14,26,5
15,26,5
16,26,3
17,26,2
18,26,3
19,26,3
20,26,3
21,26,1
22,26,5
23,26,3
24,26,3
25,26,4
26,26,4
27,26,5
28,26,4
29,26,2
30,26,1
31,26,3
32,26,3
33,26,5
34,26,5
35,26,2
36,26,1
37,26,1
38,26,4
39,26,4
40,26,2
41,26,4
42,26,5
43,26,1
44,26,2
45,26,4
46,26,3
47,26,4
48,26,1
49,26,2
50,26,5
51,26,5
52,26,5
53,26,4
54,26,1
55,26,4
56,26,3
57,26,1
58,26,2
59,26,3
60,26,2
1,27,2
2,27,2
3,27,4
4,27,4
5,27,4
6,27,5
7,27,5
8,27,4
9,27,2
10,27,3
11,27,3
12,27,3
13,27,2
14,27,1
15,27,1
16,27,5
17,27,2
18,27,3
19,27,4
20,27,4
21,27,5
22,27,5
23,27,3
24,27,3
25,27,2
26,27,1
27,27,5
28,27,1
29,27,1
30,27,1
31,27,1
32,27,1
33,27,3
34,27,4
35,27,4
36,27,2
37,27,2
38,27,3
39,27,5
40,27,5
41,27,1
42,27,2
43,27,5
44,27,2
45,27,1
46,27,3
47,27,3
48,27,4
49,27,4
50,27,5
51,27,2
52,27,3
53,27,4
54,27,1
55,27,5
56,27,3
57,27,5
58,27,4
59,27,2
60,27,1
1,28,4
2,28,4
3,28,5
4,28,5
5,28,5
6,28,4
7,28,4
8,28,3
9,28,4
10,28,3
11,28,3
12,28,1
13,28,5
14,28,4
15,28,4
16,28,3
17,28,5
18,28,5
19,28,5
20,28,4
21,28,5
22,28,5
23,28,5
24,28,3
25,28,5
26,28,4
27,28,1
28,28,3
29,28,3
30,28,2
31,28,5
32,28,5
33,28,5
34,28,2
35,28,2
36,28,2
37,28,2
38,28,3
39,28,3
40,28,2
41,28,5
42,28,1
43,28,3
44,28,2
45,28,3
46,28,3
47,28,2
48,28,2
49,28,2
50,28,2
51,28,5
52,28,1
53,28,3
54,28,5
55,28,3
56,28,3
57,28,2
58,28,1
59,28,2
60,28,2
1,29,2
2,29,5
3,29,4
4,29,2
5,29,3
6,29,4
7,29,3
8,29,3
9,29,4
10,29,4
11,29,3
12,29,5
13,29,3
14,29,2
15,29,2
16,29,5
17,29,1
18,29,1
19,29,5
20,29,5
21,29,1
22,29,4
23,29,3
24,29,4
25,29,1
26,29,1
27,29,1
28,29,5
29,29,2
30,29,2
31,29,4
32,29,5
33,29,5
34,29,1
35,29,3
36,29,2
37,29,3
38,29,2
39,29,1
40,29,4
41,29,4
42,29,2
43,29,4
44,29,2
45,29,3
46,29,5
47,29,1
48,29,1
49,29,5
50,29,3
51,29,5
52,29,3
53,29,2
54,29,4
55,29,1
56,29,2
57,29,5
58,29,3
59,29,1
60,29,4
1,30,3
2,30,4
3,30,4
4,30,5
5,30,4
6,30,3
7,30,5
8,30,2
9,30,5
10,30,4
11,30,3
12,30,1
13,30,2
14,30,3
15,30,3
16,30,3
17,30,1
18,30,2
19,30,3
20,30,4
21,30,1
22,30,3
23,30,3
24,30,4
25,30,4
26,30,4
27,30,5
28,30,5
29,30,5
30,30,3
31,30,4
32,30,3
33,30,4
34,30,3
35,30,4
36,30,2
37,30,2
38,30,3
39,30,2
40,30,2
41,30,4
42,30,5
43,30,5
44,30,4
45,30,4
46,30,4
47,30,3
48,30,3
49,30,4
50,30,5
51,30,5
52,30,4
53,30,3
54,30,4
55,30,5
56,30,4
57,30,3
58,30,3
59,30,3
60,30,3
1,31,3
2,31,2
3,31,2
4,31,2
5,31,2
6,31,2
7,31,4
8,31,2
9,31,3
10,31,4
11,31,4
12,31,3
13,31,3
14,31,4
15,31,4
16,31,4
17,31,1
18,31,4
19,31,4
20,31,2
21,31,1
22,31,4
23,31,4
24,31,3
25,31,2
26,31,1
27,31,2
28,31,2
29,31,1
30,31,1
31,31,4
32,31,3
33,31,4
34,31,1
35,31,1
36,31,2
37,31,1
38,31,4
39,31,2
40,31,3
41,31,2
42,31,1
43,31,2
44,31,3
45,31,2
46,31,3
47,31,2
48,31,2
49,31,4
50,31,4
51,31,3
52,31,2
53,31,4
54,31,3
55,31,4
56,31,2
57,31,2
58,31,2
59,31,1
60,31,1
1,32,2
2,32,3
3,32,5
4,32,5
5,32,3
6,32,4
7,32,4
8,32,3
9,32,5
10,32,5
11,32,4
12,32,4
13,32,3
14,32,5
15,32,5
16,32,3
17,32,2
18,32,2
19,32,3
20,32,2
21,32,4
22,32,5
23,32,3
24,32,4
25,32,5
26,32,3
27,32,5
28,32,4
29,32,5
30,32,2
31,32,3
32,32,3
33,32,4
34,32,3
35,32,4
36,32,3
37,32,4
38,32,5
39,32,4
40,32,4
41,32,3
42,32,5
43,32,5
44,32,4
45,32,2
46,32,3
47,32,3
48,32,2
49,32,2
50,32,4
51,32,5
52,32,4
53,32,4
54,32,5
55,32,5
56,32,3
57,32,3
58,32,3
59,32,2
60,32,3
1,33,1
2,33,2
3,33,4
4,33,5
5,33,5
6,33,1
7,33,1
8,33,2
9,33,2
10,33,3
11,33,4
12,33,4
13,33,4
14,33,2
15,33,2
16,33,5
17,33,3
18,33,3
19,33,3
20,33,3
21,33,4
22,33,2
23,33,1
24,33,1
25,33,1
26,33,3
27,33,5
28,33,1
29,33,5
30,33,3
31,33,5
32,33,4
33,33,3
34,33,4
35,33,5
36,33,2
37,33,2
38,33,1
39,33,3
40,33,1
41,33,4
42,33,5
43,33,5
44,33,3
45,33,4
46,33,1
47,33,3
48,33,2
49,33,2
50,33,1
51,33,5
52,33,4
53,33,5
54,33,1
55,33,1
56,33,2
57,33,2
58,33,4
59,33,3
60,33,3
1,34,1
2,34,2
3,34,4
4,34,4
5,34,4
6,34,2
7,34,2
8,34,4
9,34,2
10,34,1
11,34,2
12,34,3
13,34,1
14,34,1
15,34,5
16,34,4
17,34,1
18,34,5
19,34,2
20,34,3
21,34,3
22,34,3
23,34,1
24,34,4
25,34,5
26,34,5
27,34,5
28,34,5
29,34,1
30,34,3
31,34,5
32,34,5
33,34,4
34,34,1
35,34,4
36,34,1
37,34,2
38,34,3
39,34,2
40,34,3
41,34,2
42,34,3
43,34,3
44,34,5
45,34,2
46,34,5
47,34,4
48,34,4
49,34,1
50,34,1
51,34,4
52,34,1
53,34,4
54,34,3
55,34,3
56,34,2
57,34,1
58,34,2
59,34,5
60,34,5
1,35,2
2,35,2
3,35,4
4,35,4
5,35,4
6,35,2
7,35,5
8,35,2
9,35,5
10,35,3
11,35,3
12,35,3
13,35,5
14,35,5
15,35,4
16,35,2
17,35,2
18,35,4
19,35,1
20,35,5
21,35,1
22,35,1
23,35,1
24,35,5
25,35,4
26,35,1
27,35,3
28,35,3
29,35,3
30,35,1
31,35,5
32,35,3
33,35,5
34,35,1
35,35,4
36,35,1
37,35,3
38,35,2
39,35,4
40,35,2
41,35,5
42,35,4
43,35,4
44,35,2
45,35,5
46,35,2
47,35,3
48,35,5
49,35,1
50,35,1
51,35,5
52,35,4
53,35,5
54,35,4
55,35,2
56,35,3
57,35,3
58,35,2
59,35,1
60,35,1
1,36,3
2,36,2
3,36,2
4,36,2
5,36,2
6,36,4
7,36,4
8,36,3
9,36,4
10,36,4
11,36,4
12,36,4
13,36,1
14,36,2
15,36,2
16,36,1
17,36,1
18,36,3
19,36,3
20,36,3
21,36,1
22,36,3
23,36,2
24,36,3
25,36,1
26,36,1
27,36,3
28,36,3
29,36,3
30,36,2
31,36,2
32,36,3
33,36,4
34,36,3
35,36,1
36,36,1
37,36,2
38,36,4
39,36,4
40,36,2
41,36,2
42,36,4
43,36,4
44,36,3
45,36,4
46,36,1
47,36,2
48,36,1
49,36,2
50,36,4
51,36,4
52,36,2
53,36,3
54,36,3
55,36,4
56,36,1
57,36,1
58,36,2
59,36,3
60,36,1
1,37,4
2,37,4
3,37,4
4,37,5
5,37,3
6,37,2
7,37,2
8,37,2
9,37,5
10,37,4
11,37,4
12,37,5
13,37,5
14,37,3
15,37,2
16,37,2
17,37,1
18,37,3
19,37,3
20,37,5
21,37,2
22,37,3
23,37,1
24,37,5
25,37,1
26,37,1
27,37,3
28,37,1
29,37,1
30,37,4
31,37,3
32,37,3
33,37,4
34,37,5
35,37,5
36,37,2
37,37,2
38,37,4
39,37,1
40,37,1
41,37,3
42,37,4
43,37,5
44,37,2
45,37,1
46,37,4
47,37,3
48,37,5
49,37,1
50,37,2
51,37,4
52,37,2
53,37,1
54,37,4
55,37,2
56,37,3
57,37,3
58,37,4
59,37,5
60,37,5
1,38,5
2,38,5
3,38,3
4,38,3
5,38,2
6,38,5
7,38,5
8,38,4
9,38,5
10,38,5
11,38,5
12,38,5
13,38,5
14,38,5
15,38,5
16,38,1
17,38,1
18,38,5
19,38,5
20,38,5
21,38,3
22,38,5
23,38,5
24,38,5
25,38,3
26,38,3
27,38,2
28,38,5
29,38,5
30,38,5
31,38,5
32,38,5
33,38,5
34,38,3
35,38,3
36,38,2
37,38,5
38,38,5
39,38,3
40,38,5
41,38,5
42,38,5
43,38,5
44,38,5
45,38,5
46,38,5
47,38,5
48,38,4
49,38,4
50,38,4
51,38,5
52,38,5
53,38,5
54,38,5
55,38,5
56,38,5
57,38,3
58,38,3
59,38,1
60,38,2
1,39,4
2,39,4
3,39,4
4,39,4
5,39,3
6,39,2
7,39,3
8,39,3
9,39,4
10,39,3
11,39,3
12,39,2
13,39,3
14,39,3
15,39,4
16,39,4
17,39,3
18,39,3
19,39,3
20,39,3
21,39,3
22,39,4
23,39,2
24,39,3
25,39,1
26,39,2
27,39,2
28,39,2
29,39,1
30,39,2
31,39,4
32,39,4
33,39,4
34,39,1
35,39,3
36,39,4
37,39,1
38,39,3
39,39,2
40,39,2
41,39,2
42,39,4
43,39,4
44,39,4
45,39,1
46,39,4
47,39,2
48,39,2
49,39,3
50,39,3
51,39,4
52,39,3
53,39,4
54,39,3
55,39,2
56,39,2
57,39,1
58,39,1
59,39,1
60,39,1
1,40,2
2,40,2
3,40,4
4,40,4
5,40,4
6,40,5
7,40,5
8,40,4
9,40,2
10,40,3
11,40,3
12,40,3
13,40,2
14,40,1
15,40,1
16,40,5
17,40,2
18,40,3
19,40,4
20,40,4
21,40,5
22,40,5
23,40,3
24,40,3
25,40,2
26,40,1
27,40,5
28,40,1
29,40,1
30,40,1
31,40,1
32,40,1
33,40,3
34,40,4
35,40,4
36,40,2
37,40,2
38,40,3
39,40,5
40,40,5
41,40,1
42,40,2
43,40,5
44,40,2
45,40,1
46,40,3
47,40,3
48,40,4
49,40,4
50,40,5
51,40,2
52,40,3
53,40,4
54,40,1
55,40,5
56,40,3
57,40,5
58,40,4
59,40,2
60,40,1
1,41,4
2,41,2
3,41,3
4,41,3
5,41,3
6,41,4
7,41,5
8,41,5
9,41,5
10,41,5
11,41,5
12,41,1
13,41,2
14,41,3
15,41,4
16,41,4
17,41,3
18,41,2
19,41,5
20,41,2
21,41,1
22,41,2
23,41,4
24,41,2
25,41,4
26,41,3
27,41,1
28,41,1
29,41,1
30,41,1
31,41,2
32,41,3
33,41,5
34,41,1
35,41,5
36,41,4
37,41,3
38,41,4
39,41,2
40,41,1
41,41,2
42,41,4
43,41,4
44,41,2
45,41,1
46,41,3
47,41,3
48,41,5
49,41,5
50,41,1
51,41,1
52,41,5
53,41,5
54,41,4
55,41,4
56,41,3
57,41,1
58,41,2
59,41,2
60,41,3
1,42,1
2,42,2
3,42,2
4,42,2
5,42,2
6,42,2
7,42,5
8,42,1
9,42,5
10,42,4
11,42,4
12,42,1
13,42,4
14,42,5
15,42,5
16,42,1
17,42,1
18,42,3
19,42,5
20,42,4
21,42,1
22,42,2
23,42,4
24,42,5
25,42,3
26,42,4
27,42,3
28,42,3
29,42,3
30,42,3
31,42,5
32,42,2
33,42,4
34,42,1
35,42,2
36,42,3
37,42,1
38,42,4
39,42,5
40,42,3
41,42,4
42,42,1
43,42,1
44,42,5
45,42,2
46,42,2
47,42,3
48,42,3
49,42,4
50,42,5
51,42,4
52,42,2
53,42,5
54,42,5
55,42,2
56,42,1
57,42,1
58,42,3
59,42,4
60,42,3
1,43,3
2,43,4
3,43,4
4,43,2
5,43,4
6,43,2
7,43,4
8,43,3
9,43,4
10,43,3
11,43,2
12,43,4
13,43,2
14,43,3
15,43,4
16,43,2
17,43,2
18,43,4
19,43,3
20,43,1
21,43,1
22,43,1
23,43,2
24,43,3
25,43,4
26,43,3
27,43,2
28,43,1
29,43,1
30,43,2
31,43,4
32,43,2
33,43,4
34,43,1
35,43,3
36,43,1
37,43,1
38,43,3
39,43,2
40,43,1
41,43,1
42,43,3
43,43,3
44,43,4
45,43,4
46,43,4
47,43,2
48,43,2
49,43,1
50,43,3
51,43,4
52,43,3
53,43,2
54,43,4
55,43,4
56,43,4
57,43,1
58,43,2
59,43,2
60,43,2
1,44,1
2,44,2
3,44,2
4,44,1
5,44,3
6,44,3
7,44,5
8,44,2
9,44,5
10,44,4
11,44,5
12,44,5
13,44,1
14,44,5
15,44,4
16,44,2
17,44,2
18,44,3
19,44,4
20,44,1
21,44,3
22,44,3
23,44,2
24,44,5
25,44,2
26,44,4
27,44,4
28,44,3
29,44,4
30,44,1
31,44,4
32,44,3
33,44,5
34,44,2
35,44,4
36,44,1
37,44,1
38,44,5
39,44,3
40,44,2
41,44,2
42,44,5
43,44,4
44,44,4
45,44,2
46,44,1
47,44,1
48,44,3
49,44,3
50,44,5
51,44,5
52,44,4
53,44,4
54,44,3
55,44,5
56,44,2
57,44,1
58,44,3
59,44,1
60,44,2
1,45,4
2,45,2
3,45,5
4,45,4
5,45,5
6,45,4
7,45,4
8,45,5
9,45,2
10,45,3
11,45,3
12,45,2
13,45,2
14,45,1
15,45,1
16,45,4
17,45,5
18,45,3
19,45,3
20,45,2
21,45,5
22,45,5
23,45,1
24,45,1
25,45,4
26,45,3
27,45,1
28,45,2
29,45,1
30,45,3
31,45,2
32,45,5
33,45,5
34,45,1
35,45,1
36,45,4
37,45,2
38,45,4
39,45,3
40,45,3
41,45,4
42,45,5
43,45,5
44,45,2
45,45,2
46,45,4
47,45,1
48,45,3
49,45,1
50,45,3
51,45,3
52,45,4
53,45,4
54,45,1
55,45,5
56,45,1
57,45,2
58,45,2
59,45,5
60,45,3
1,46,2
2,46,4
3,46,1
4,46,1
5,46,4
6,46,3
7,46,5
8,46,4
9,46,3
10,46,5
11,46,5
12,46,5
13,46,4
14,46,2
15,46,3
16,46,3
17,46,1
18,46,2
19,46,2
20,46,3
21,46,1
22,46,1
23,46,1
24,46,5
25,46,4
26,46,2
27,46,3
28,46,5
29,46,2
30,46,4
31,46,3
32,46,5
33,46,5
34,46,4
35,46,4
36,46,3
37,46,2
38,46,2
39,46,1
40,46,1
41,46,2
42,46,4
43,46,5
44,46,4
45,46,1
46,46,2
47,46,3
48,46,3
49,46,1
50,46,5
51,46,5
52,46,3
53,46,2
54,46,1
55,46,5
56,46,2
57,46,1
58,46,4
59,46,3
60,46,4
1,47,3
2,47,4
3,47,5
4,47,5
5,47,5
6,47,2
7,47,4
8,47,3
9,47,5
10,47,5
11,47,3
12,47,5
13,47,5
14,47,4
15,47,4
16,47,2
17,47,4
18,47,4
19,47,3
20,47,3
21,47,3
22,47,3
23,47,2
24,47,2
25,47,3
26,47,5
27,47,2
28,47,3
29,47,3
30,47,3
31,47,5
32,47,2
33,47,5
34,47,1
35,47,3
36,47,4
37,47,2
38,47,3
39,47,4
40,47,1
41,47,5
42,47,3
43,47,2
44,47,5
45,47,3
46,47,4
47,47,4
48,47,2
49,47,1
50,47,3
51,47,5
52,47,2
53,47,4
54,47,1
55,47,4
56,47,2
57,47,1
58,47,2
59,47,2
60,47,2
1,48,5
2,48,5
3,48,5
4,48,1
5,48,1
6,48,2
7,48,3
8,48,1
9,48,4
10,48,3
11,48,1
12,48,2
13,48,3
14,48,3
15,48,3
16,48,1
17,48,1
18,48,4
19,48,2
20,48,5
21,48,1
22,48,2
23,48,4
24,48,4
25,48,1
26,48,1
27,48,1
28,48,3
29,48,2
30,48,3
31,48,4
32,48,5
33,48,5
34,48,4
35,48,1
36,48,3
37,48,1
38,48,2
39,48,2
40,48,3
41,48,4
42,48,4
43,48,5
44,48,2
45,48,3
46,48,3
47,48,2
48,48,1
49,48,1
50,48,5
51,48,5
52,48,4
53,48,3
54,48,5
55,48,3
56,48,2
57,48,2
58,48,4
59,48,1
60,48,1
1,49,2
2,49,2
3,49,3
4,49,1
5,49,3
6,49,3
7,49,5
8,49,1
9,49,5
10,49,3
11,49,4
12,49,4
13,49,5
14,49,5
15,49,4
16,49,1
17,49,2
18,49,3
19,49,4
20,49,4
21,49,1
22,49,1
23,49,2
24,49,3
25,49,1
26,49,2
27,49,5
28,49,5
29,49,2
30,49,4
31,49,3
32,49,3
33,49,4
34,49,2
35,49,5
36,49,2
37,49,1
38,49,5
39,49,4
40,49,1
41,49,1
42,49,4
43,49,5
44,49,3
45,49,3
46,49,2
47,49,2
48,49,1
49,49,4
50,49,5
51,49,4
52,49,3
53,49,5
54,49,3
55,49,5
56,49,4
57,49,2
58,49,2
59,49,1
60,49,1
1,50,1
2,50,2
3,50,1
4,50,2
5,50,3
6,50,1
7,50,2
8,50,3
9,50,1
10,50,3
11,50,2
12,50,3
13,50,1
14,50,2
15,50,1
16,50,3
17,50,2
18,50,3
19,50,1
20,50,3
21,50,4
22,50,4
23,50,4
24,50,4
25,50,4
26,50,4
27,50,4
28,50,3
29,50,2
30,50,3
31,50,2
32,50,1
33,50,2
34,50,3
35,50,4
36,50,2
37,50,3
38,50,3
39,50,1
40,50,4
41,50,1
42,50,4
43,50,3
44,50,2
45,50,4
46,50,3
47,50,2
48,50,1
49,50,2
50,50,3
51,50,1
52,50,3
53,50,2
54,50,3
55,50,2
56,50,1
57,50,4
58,50,3
59,50,2
60,50,3
1,51,5
2,51,3
3,51,4
4,51,4
5,51,2
6,51,2
7,51,4
8,51,3
9,51,5
10,51,4
11,51,2
12,51,5
13,51,5
14,51,3
15,51,3
16,51,4
17,51,1
18,51,4
19,51,5
20,51,3
21,51,1
22,51,1
23,51,1
24,51,5
25,51,1
26,51,1
27,51,3
28,51,1
29,51,2
30,51,2
31,51,5
32,51,4
33,51,5
34,51,3
35,51,4
36,51,2
37,51,1
38,51,3
39,51,2
40,51,1
41,51,3
42,51,3
43,51,5
44,51,2
45,51,5
46,51,2
47,51,1
48,51,4
49,51,1
50,51,4
51,51,5
52,51,3
53,51,5
54,51,4
55,51,4
56,51,1
57,51,2
58,51,3
59,51,1
60,51,2
1,52,4
2,52,4
3,52,4
4,52,3
5,52,3
6,52,3
7,52,3
8,52,2
9,52,4
10,52,3
11,52,4
12,52,4
13,52,3
14,52,3
15,52,3
16,52,3
17,52,3
18,52,4
19,52,3
20,52,2
21,52,2
22,52,2
23,52,3
24,52,4
25,52,3
26,52,3
27,52,3
28,52,2
29,52,3
30,52,3
31,52,3
32,52,4
33,52,4
34,52,2
35,52,3
36,52,3
37,52,3
38,52,4
39,52,2
40,52,2
41,52,3
42,52,4
43,52,4
44,52,4
45,52,4
46,52,3
47,52,3
48,52,3
49,52,3
50,52,3
51,52,4
52,52,4
53,52,4
54,52,3
55,52,4
56,52,3
57,52,3
58,52,3
59,52,2
60,52,2
1,53,3
2,53,4
3,53,3
4,53,3
5,53,3
6,53,3
7,53,5
8,53,3
9,53,5
10,53,5
11,53,4
12,53,5
13,53,5
14,53,4
15,53,4
16,53,4
17,53,1
18,53,2
19,53,3
20,53,3
21,53,1
22,53,3
23,53,3
24,53,4
25,53,3
26,53,2
27,53,3
28,53,5
29,53,5
30,53,5
31,53,5
32,53,4
33,53,4
34,53,5
35,53,4
36,53,3
37,53,2
38,53,4
39,53,3
40,53,2
41,53,4
42,53,5
43,53,4
44,53,3
45,53,4
46,53,5
47,53,3
48,53,3
49,53,3
50,53,5
51,53,5
52,53,5
53,53,4
54,53,5
55,53,5
56,53,3
57,53,4
58,53,2
59,53,2
60,53,4
1,54,1
2,54,2
3,54,2
4,54,2
5,54,2
6,54,2
7,54,5
8,54,1
9,54,5
10,54,4
11,54,4
12,54,1
13,54,4
14,54,5
15,54,5
16,54,1
17,54,1
18,54,3
19,54,5
20,54,4
21,54,1
22,54,2
23,54,4
24,54,5
25,54,3
26,54,4
27,54,3
28,54,3
29,54,3
30,54,3
31,54,5
32,54,2
33,54,4
34,54,1
35,54,2
36,54,3
37,54,1
38,54,4
39,54,5
40,54,3
41,54,4
42,54,1
43,54,1
44,54,5
45,54,2
46,54,2
47,54,3
48,54,3
49,54,4
50,54,5
51,54,4
52,54,2
53,54,5
54,54,5
55,54,2
56,54,1
57,54,1
58,54,3
59,54,4
60,54,3
2,55,4
4,55,4
6,55,5
8,55,3
10,55,5
12,55,5
14,55,2
16,55,4
18,55,4
20,55,3
22,55,4
24,55,3
26,55,1
28,55,5
30,55,3
32,55,4
34,55,5
36,55,2
38,55,4
40,55,3
42,55,5
44,55,2
46,55,3
48,55,3
50,55,4
51,55,5
52,55,5
53,55,5
54,55,4
55,55,5
56,55,3
57,55,3
58,55,4
59,55,1
60,55,2
1,56,2
2,56,4
3,56,3
4,56,3
5,56,3
6,56,2
7,56,4
8,56,3
9,56,3
10,56,3
11,56,3
12,56,3
13,56,2
14,56,3
15,56,4
16,56,1
17,56,3
18,56,2
19,56,2
20,56,3
21,56,1
22,56,3
23,56,2
24,56,3
25,56,3
26,56,1
27,56,2
28,56,2
29,56,2
30,56,2
31,56,3
32,56,3
33,56,4
34,56,2
35,56,2
36,56,3
37,56,2
38,56,4
39,56,3
40,56,2
41,56,4
42,56,4
43,56,4
44,56,4
45,56,4
46,56,4
47,56,4
48,56,4
49,56,4
50,56,4
51,56,4
52,56,4
53,56,3
54,56,4
55,56,3
56,56,4
57,56,2
58,56,3
59,56,2
60,56,2
1,57,1
2,57,5
3,57,5
4,57,4
5,57,4
6,57,4
7,57,4
8,57,3
9,57,4
10,57,5
11,57,5
12,57,5
13,57,5
14,57,3
15,57,4
16,57,3
17,57,3
18,57,4
19,57,4
20,57,3
21,57,3
22,57,3
23,57,3
24,57,2
25,57,4
26,57,3
27,57,4
28,57,4
29,57,5
30,57,5
31,57,3
32,57,4
33,57,5
34,57,4
35,57,5
36,57,3
37,57,4
38,57,4
39,57,4
40,57,4
41,57,3
42,57,5
43,57,5
44,57,3
45,57,3
46,57,3
47,57,4
48,57,5
49,57,4
50,57,4
51,57,3
52,57,3
53,57,4
54,57,4
55,57,5
56,57,5
57,57,5
58,57,4
59,57,4
60,57,3
1,58,5
2,58,4
3,58,5
4,58,3
5,58,4
6,58,2
7,58,4
8,58,1
9,58,3
10,58,3
11,58,2
12,58,2
13,58,3
14,58,4
15,58,5
16,58,1
17,58,1
18,58,5
19,58,5
20,58,5
21,58,1
22,58,3
23,58,3
24,58,5
25,58,3
26,58,1
27,58,5
28,58,5
29,58,5
30,58,1
31,58,4
32,58,3
33,58,5
34,58,5
35,58,5
36,58,2
37,58,4
38,58,5
39,58,4
40,58,3
41,58,1
42,58,5
43,58,5
44,58,5
45,58,5
46,58,3
47,58,5
48,58,3
49,58,4
50,58,5
51,58,5
52,58,5
53,58,5
54,58,5
55,58,5
56,58,5
57,58,5
58,58,5
59,58,3
60,58,5
1,59,4
2,59,4
3,59,4
4,59,4
5,59,4
6,59,3
7,59,4
8,59,3
9,59,4
10,59,4
11,59,4
12,59,3
13,59,4
14,59,5
15,59,4
16,59,3
17,59,4
18,59,5
19,59,4
20,59,4
21,59,2
22,59,3
23,59,4
24,59,4
25,59,4
26,59,4
27,59,3
28,59,4
29,59,4
30,59,4
31,59,5
32,59,4
33,59,5
34,59,4
35,59,4
36,59,5
37,59,3
38,59,4
39,59,3
40,59,3
41,59,3
42,59,4
43,59,5
44,59,5
45,59,5
46,59,4
47,59,4
48,59,4
49,59,3
50,59,4
51,59,5
52,59,5
53,59,5
54,59,5
55,59,5
56,59,3
57,59,4
58,59,3
59,59,2
60,59,2
1,60,3
2,60,3
3,60,5
4,60,3
5,60,5
6,60,3
7,60,4
8,60,5
9,60,3
10,60,5
11,60,3
12,60,5
13,60,5
14,60,4
15,60,3
16,60,3
17,60,2
18,60,4
19,60,1
20,60,3
21,60,3
22,60,2
23,60,2
24,60,3
25,60,1
26,60,1
27,60,5
28,60,3
29,60,5
30,60,1
31,60,3
32,60,3
33,60,5
34,60,4
35,60,5
36,60,3
37,60,3
38,60,4
39,60,3
40,60,4
41,60,1
42,60,5
43,60,5
44,60,5
45,60,5
46,60,5
47,60,4
48,60,4
49,60,5
50,60,5
51,60,3
52,60,5
53,60,5
54,60,3
55,60,4
56,60,4
57,60,4
58,60,2
59,60,2
60,60,3
1,61,3
2,61,3
3,61,3
4,61,3
5,61,4
6,61,4
7,61,3
8,61,5
9,61,4
10,61,2
11,61,4
12,61,5
13,61,5
14,61,2
15,61,4
16,61,4
17,61,2
18,61,4
19,61,3
20,61,4
21,61,3
22,61,3
23,61,3
24,61,4
25,61,3
26,61,4
27,61,4
28,61,4
29,61,5
30,61,4
31,61,3
32,61,4
33,61,3
34,61,5
35,61,5
36,61,3
37,61,2
38,61,3
39,61,4
40,61,3
41,61,3
42,61,4
43,61,4
44,61,3
45,61,3
46,61,2
47,61,4
48,61,5
49,61,3
50,61,3
51,61,5
52,61,5
53,61,4
54,61,3
55,61,3
56,61,4
57,61,2
58,61,2
59,61,2
60,61,1
1,62,2
2,62,3
3,62,3
4,62,3
5,62,3
6,62,4
7,62,4
8,62,4
9,62,5
10,62,4
11,62,5
12,62,5
13,62,2
14,62,4
15,62,4
16,62,2
17,62,2
18,62,3
19,62,4
20,62,3
21,62,2
22,62,2
23,62,4
24,62,4
25,62,4
26,62,2
27,62,2
28,62,3
29,62,3
30,62,3
31,62,5
32,62,4
33,62,5
34,62,2
35,62,4
36,62,3
37,62,3
38,62,4
39,62,3
40,62,3
41,62,5
42,62,3
43,62,5
44,62,4
45,62,5
46,62,5
47,62,4
48,62,4
49,62,3
50,62,4
51,62,5
52,62,4
53,62,3
54,62,5
55,62,4
56,62,3
57,62,4
58,62,3
59,62,3
60,62,3
1,63,1
2,63,1
3,63,4
4,63,4
5,63,1
6,63,2
7,63,4
8,63,2
9,63,4
10,63,4
11,63,4
12,63,4
13,63,4
14,63,4
15,63,4
16,63,1
17,63,4
18,63,3
19,63,4
20,63,2
21,63,4
22,63,2
23,63,2
24,63,2
25,63,2
26,63,2
27,63,4
28,63,2
29,63,4
30,63,4
31,63,4
32,63,4
33,63,4
34,63,2
35,63,4
36,63,4
37,63,2
38,63,4
39,63,2
40,63,4
41,63,4
42,63,4
43,63,4
44,63,4
45,63,4
46,63,4
47,63,4
48,63,4
49,63,4
50,63,4
51,63,4
52,63,4
53,63,4
54,63,4
55,63,4
56,63,4
57,63,4
58,63,4
59,63,4
60,63,4
1,64,2
2,64,3
3,64,3
4,64,3
5,64,3
6,64,3
7,64,4
8,64,1
9,64,4
10,64,4
11,64,4
12,64,2
13,64,2
14,64,4
15,64,4
16,64,1
17,64,1
18,64,4
19,64,4
20,64,2
21,64,1
22,64,3
23,64,2
24,64,3
25,64,4
26,64,2
27,64,3
28,64,2
29,64,1
30,64,2
31,64,4
32,64,4
33,64,4
34,64,2
35,64,2
36,64,3
37,64,2
38,64,3
39,64,1
40,64,2
41,64,4
42,64,2
43,64,3
44,64,1
45,64,3
46,64,3
47,64,3
48,64,3
49,64,1
50,64,3
51,64,4
52,64,4
53,64,2
54,64,4
55,64,3
56,64,2
57,64,2
58,64,3
59,64,2
60,64,2
1,65,2
2,65,2
3,65,5
4,65,5
5,65,3
6,65,5
7,65,5
8,65,5
9,65,5
10,65,5
11,65,5
12,65,5
13,65,3
14,65,3
15,65,2
16,65,4
17,65,4
18,65,5
19,65,5
20,65,5
21,65,5
22,65,4
23,65,2
24,65,1
25,65,5
26,65,5
27,65,5
28,65,5
29,65,5
30,65,5
31,65,5
32,65,4
33,65,5
34,65,5
35,65,5
36,65,2
37,65,3
38,65,5
39,65,5
40,65,4
41,65,5
42,65,5
43,65,5
44,65,5
45,65,5
46,65,5
47,65,5
48,65,5
49,65,5
50,65,5
51,65,5
52,65,5
53,65,5
54,65,5
55,65,5
56,65,5
57,65,5
58,65,5
59,65,5
60,65,5
1,66,5
2,66,5
3,66,5
4,66,5
5,66,5
6,66,3
7,66,3
8,66,4
9,66,3
10,66,3
11,66,4
12,66,3
13,66,4
14,66,4
15,66,4
16,66,3
17,66,5
18,66,4
19,66,3
20,66,3
21,66,2
22,66,4
23,66,3
24,66,3
25,66,4
26,66,4
27,66,3
28,66,3
29,66,4
30,66,5
31,66,3
32,66,5
33,66,4
34,66,3
35,66,3
36,66,3
37,66,3
38,66,2
39,66,3
40,66,3
41,66,4
42,66,5
43,66,5
44,66,4
45,66,5
46,66,4
47,66,4
48,66,3
49,66,3
50,66,3
51,66,3
52,66,4
53,66,3
54,66,2
55,66,4
56,66,3
57,66,3
58,66,2
59,66,5
60,66,3
1,67,2
2,67,2
3,67,5
4,67,3
5,67,3
6,67,2
7,67,5
8,67,1
9,67,5
10,67,5
11,67,4
12,67,5
13,67,5
14,67,4
15,67,5
16,67,2
17,67,1
18,67,3
19,67,3
20,67,3
21,67,1
22,67,3
23,67,3
24,67,3
25,67,4
26,67,5
27,67,1
28,67,2
29,67,5
30,67,5
31,67,5
32,67,1
33,67,5
34,67,1
35,67,1
36,67,4
37,67,2
38,67,5
39,67,1
40,67,1
41,67,3
42,67,5
43,67,5
44,67,5
45,67,5
46,67,1
47,67,5
48,67,1
49,67,5
50,67,5
51,67,5
52,67,1
53,67,3
54,67,5
55,67,2
56,67,1
57,67,1
58,67,5
59,67,1
60,67,3
1,68,3
2,68,3
3,68,5
4,68,5
5,68,5
6,68,5
7,68,5
8,68,2
9,68,5
10,68,3
11,68,3
12,68,1
13,68,3
14,68,4
15,68,5
16,68,5
17,68,3
18,68,2
19,68,4
20,68,5
21,68,1
22,68,5
23,68,5
24,68,5
25,68,5
26,68,5
27,68,5
28,68,5
29,68,5
30,68,5
31,68,4
32,68,4
33,68,4
34,68,1
35,68,1
36,68,1
37,68,1
38,68,1
39,68,1
40,68,1
41,68,3
42,68,5
43,68,5
44,68,5
45,68,5
46,68,5
47,68,5
48,68,2
49,68,5
50,68,3
51,68,5
52,68,2
53,68,3
54,68,5
55,68,5
56,68,2
57,68,2
58,68,2
59,68,1
60,68,1
1,69,2
2,69,4
3,69,1
4,69,1
5,69,4
6,69,3
7,69,5
8,69,4
9,69,3
10,69,5
11,69,5
12,69,5
13,69,4
14,69,2
15,69,3
16,69,3
17,69,1
18,69,2
19,69,2
20,69,3
21,69,1
22,69,1
23,69,1
24,69,5
25,69,4
26,69,2
27,69,3
28,69,5
29,69,2
30,69,4
31,69,3
32,69,5
33,69,5
34,69,4
35,69,4
36,69,3
37,69,2
38,69,2
39,69,1
40,69,1
41,69,2
42,69,4
43,69,5
44,69,4
45,69,1
46,69,2
47,69,3
48,69,3
49,69,1
50,69,5
51,69,5
52,69,3
53,69,2
54,69,1
55,69,5
56,69,2
57,69,1
58,69,4
59,69,3
60,69,4
1,70,5
2,70,5
3,70,4
4,70,3
5,70,4
6,70,3
7,70,3
8,70,3
9,70,4
10,70,4
11,70,5
12,70,5
13,70,2
14,70,2
15,70,3
16,70,3
17,70,1
18,70,1
19,70,4
20,70,1
21,70,5
22,70,5
23,70,2
24,70,4
25,70,2
26,70,2
27,70,1
28,70,2
29,70,1
30,70,1
31,70,2
32,70,3
33,70,4
34,70,3
35,70,2
36,70,5
37,70,1
38,70,4
39,70,5
40,70,1
41,70,3
42,70,4
43,70,5
44,70,5
45,70,3
46,70,2
47,70,1
48,70,1
49,70,2
50,70,4
51,70,5
52,70,5
53,70,4
54,70,1
55,70,4
56,70,1
57,70,2
58,70,2
59,70,3
60,70,3
1,71,3
2,71,3
3,71,3
4,71,3
5,71,3
6,71,3
7,71,3
8,71,3
9,71,3
10,71,3
11,71,3
12,71,3
13,71,3
14,71,3
15,71,3
16,71,3
17,71,3
18,71,3
19,71,3
20,71,3
21,71,3
22,71,3
23,71,3
24,71,3
25,71,3
26,71,3
27,71,3
28,71,3
29,71,3
30,71,3
31,71,3
32,71,3
33,71,3
34,71,3
35,71,3
36,71,3
37,71,3
38,71,3
39,71,3
40,71,3
41,71,3
42,71,3
43,71,3
44,71,1
45,71,3
46,71,3
47,71,3
48,71,3
49,71,3
50,71,3
51,71,3
52,71,3
53,71,3
54,71,3
55,71,3
56,71,3
57,71,3
58,71,3
59,71,3
60,71,3
1,72,4
2,72,3
3,72,4
4,72,4
5,72,4
6,72,4
7,72,5
8,72,4
9,72,5
10,72,5
11,72,5
12,72,5
13,72,5
14,72,5
15,72,5
16,72,5
17,72,5
18,72,5
19,72,5
20,72,5
21,72,5
22,72,5
23,72,5
24,72,5
25,72,5
26,72,5
27,72,5
28,72,5
29,72,5
30,72,5
31,72,4
32,72,4
33,72,4
34,72,4
35,72,4
36,72,4
37,72,4
38,72,4
39,72,4
40,72,4
41,72,4
42,72,4
43,72,4
44,72,4
45,72,5
46,72,4
47,72,4
48,72,4
49,72,4
50,72,4
51,72,4
52,72,4
53,72,4
54,72,4
55,72,4
56,72,4
57,72,4
58,72,4
59,72,4
60,72,4
1,73,5
2,73,5
3,73,5
4,73,5
5,73,5
6,73,5
7,73,5
8,73,3
9,73,5
10,73,5
11,73,5
12,73,4
13,73,4
14,73,5
15,73,5
16,73,2
17,73,4
18,73,4
19,73,4
20,73,5
21,73,1
22,73,5
23,73,5
24,73,5
25,73,5
26,73,5
27,73,3
28,73,5
29,73,2
30,73,5
31,73,5
32,73,5
33,73,5
34,73,5
35,73,5
36,73,5
37,73,3
38,73,5
39,73,5
40,73,3
41,73,5
42,73,3
43,73,4
44,73,5
45,73,5
46,73,5
47,73,5
48,73,5
49,73,5
50,73,5
51,73,5
52,73,5
53,73,5
54,73,5
55,73,5
56,73,5
57,73,5
58,73,5
59,73,5
60,73,5
1,74,5
2,74,3
3,74,5
4,74,5
5,74,5
6,74,5
7,74,2
8,74,4
9,74,2
10,74,4
11,74,4
12,74,4
13,74,5
14,74,2
15,74,2
16,74,5
17,74,5
18,74,5
19,74,4
20,74,2
21,74,4
22,74,3
23,74,3
24,74,2
25,74,3
26,74,1
27,74,3
28,74,2
29,74,3
30,74,4
31,74,3
32,74,2
33,74,4
34,74,1
35,74,2
36,74,4
37,74,2
38,74,2
39,74,5
40,74,5
41,74,3
42,74,4
43,74,2
44,74,3
45,74,3
46,74,4
47,74,5
48,74,2
49,74,2
50,74,3
51,74,4
52,74,4
53,74,4
54,74,4
55,74,5
56,74,2
57,74,2
58,74,1
59,74,2
60,74,3
1,75,5
2,75,4
3,75,5
4,75,5
5,75,5
6,75,5
7,75,5
8,75,5
9,75,5
10,75,5
11,75,3
12,75,1
13,75,1
14,75,2
15,75,2
16,75,5
17,75,5
18,75,5
19,75,5
20,75,5
21,75,5
22,75,5
23,75,5
24,75,3
25,75,5
26,75,5
27,75,5
28,75,5
29,75,5
30,75,5
31,75,5
32,75,4
33,75,5
34,75,1
35,75,4
36,75,1
37,75,3
38,75,3
39,75,2
40,75,2
41,75,5
42,75,5
43,75,5
44,75,2
45,75,2
46,75,4
47,75,2
48,75,3
49,75,4
50,75,3
51,75,5
52,75,4
53,75,3
54,75,3
55,75,5
56,75,2
57,75,2
58,75,1
59,75,1
60,75,2
1,76,5
2,76,5
3,76,4
4,76,4
5,76,4
6,76,2
7,76,5
8,76,5
9,76,5
10,76,5
11,76,5
12,76,5
13,76,5
14,76,5
15,76,5
16,76,2
17,76,1
18,76,3
19,76,4
20,76,4
21,76,2
22,76,4
23,76,4
24,76,4
25,76,2
26,76,1
27,76,5
28,76,5
29,76,5
30,76,5
31,76,4
32,76,5
33,76,5
34,76,3
35,76,4
36,76,2
37,76,3
38,76,4
39,76,2
40,76,1
41,76,4
42,76,5
43,76,5
44,76,3
45,76,4
46,76,4
47,76,5
48,76,5
49,76,5
50,76,5
51,76,5
52,76,5
53,76,5
54,76,5
55,76,5
56,76,5
57,76,4
58,76,5
59,76,2
60,76,5
1,77,5
3,77,5
5,77,5
7,77,4
9,77,4
11,77,4
13,77,3
15,77,3
17,77,3
19,77,2
41,77,3
43,77,2
45,77,1
47,77,4
49,77,5
51,77,5
53,77,3
55,77,1
57,77,2
59,77,4
